movieId,title,genres,year,rating
1,Casablanca (1942),Drama|Romance|War,1942,8.5
2,Citizen Kane (1941),Drama|Mystery,1941,8.3
3,The Wizard of Oz (1939),Adventure|Family|Fantasy|Musical,1939,8.1
4,Gone with the Wind (1939),Drama|Romance|War,1939,8.2
5,Lawrence of Arabia (1962),Adventure|Biography|Drama|History|War,1962,8.3
6,The Bridge on the River Kwai (1957),Adventure|Drama|War,1957,8.1
7,Some Like It Hot (1959),Comedy|Romance,1959,8.2
8,Sunset Boulevard (1950),Drama|Film-Noir,1950,8.4
9,The Apartment (1960),Comedy|Drama|Romance,1960,8.3
10,North by Northwest (1959),Action|Adventure|Mystery|Thriller,1959,8.3
11,Vertigo (1958),Mystery|Romance|Thriller,1958,8.3
12,Psycho (1960),Horror|Mystery|Thriller,1960,8.5
13,Rear Window (1954),Mystery|Thriller,1954,8.5
14,The Birds (1963),Drama|Horror|Mystery,1963,7.7
15,Dial M for Murder (1954),Crime|Thriller,1954,8.2
16,The Godfather (1972),Crime|Drama,1972,9.2
17,The Godfather Part II (1974),Crime|Drama,1974,9.0
18,Apocalypse Now (1979),Drama|War,1979,8.4
19,Taxi Driver (1976),Crime|Drama|Thriller,1976,8.2
20,Chinatown (1974),Crime|Drama|Mystery|Thriller,1974,8.2
21,The Exorcist (1973),Horror,1973,8.1
22,Jaws (1975),Adventure|Drama|Thriller,1975,8.1
23,Star Wars (1977),Action|Adventure|Fantasy|Sci-Fi,1977,8.6
24,Annie Hall (1977),Comedy|Romance,1977,8.0
25,Manhattan (1979),Comedy|Drama|Romance,1979,7.9
26,Raging Bull (1980),Biography|Drama|Sport,1980,8.2
27,The Shining (1980),Drama|Horror,1980,8.4
28,Raiders of the Lost Ark (1981),Action|Adventure,1981,8.5
29,Blade Runner (1982),Action|Drama|Sci-Fi|Thriller,1982,8.1
30,E.T. the Extra-Terrestrial (1982),Family|Sci-Fi,1982,7.9
31,Scarface (1983),Crime|Drama,1983,8.3
32,The Terminator (1984),Action|Sci-Fi,1984,8.1
33,Amadeus (1984),Biography|Drama|History|Music,1984,8.4
34,Back to the Future (1985),Adventure|Comedy|Sci-Fi,1985,8.5
35,The Princess Bride (1987),Adventure|Comedy|Family|Fantasy|Romance,1987,8.1
36,Die Hard (1988),Action|Thriller,1988,8.2
37,Big (1988),Comedy|Drama|Fantasy|Romance,1988,7.3
38,Rain Man (1988),Drama,1988,8.0
39,Goodfellas (1990),Biography|Crime|Drama,1990,8.7
40,The Silence of the Lambs (1991),Crime|Drama|Thriller,1991,8.6
41,Terminator 2: Judgment Day (1991),Action|Sci-Fi,1991,8.6
42,JFK (1991),Drama|History|Thriller,1991,8.0
43,Unforgiven (1992),Drama|Western,1992,8.2
44,The Shawshank Redemption (1994),Drama,1994,9.3
45,Pulp Fiction (1994),Crime|Drama,1994,8.9
46,Forrest Gump (1994),Drama|Romance,1994,8.8
47,The Lion King (1994),Animation|Adventure|Drama|Family|Musical,1994,8.5
48,Speed (1994),Action|Adventure|Thriller,1994,7.3
49,Se7en (1995),Crime|Drama|Mystery|Thriller,1995,8.6
50,The Usual Suspects (1995),Crime|Mystery|Thriller,1995,8.5
51,Heat (1995),Action|Crime|Drama,1995,8.3
52,Casino (1995),Crime|Drama,1995,8.2
53,Toy Story (1995),Animation|Adventure|Comedy|Family|Fantasy,1995,8.3
54,Fargo (1996),Crime|Drama|Thriller,1996,8.1
55,The Rock (1996),Action|Adventure|Thriller,1996,7.4
56,Scream (1996),Horror|Mystery,1996,7.4
57,The English Patient (1996),Drama|Romance|War,1996,7.4
58,Titanic (1997),Drama|Romance,1997,7.9
59,L.A. Confidential (1997),Crime|Drama|Mystery|Thriller,1997,8.2
60,Good Will Hunting (1997),Drama|Romance,1997,8.3
61,As Good as It Gets (1997),Comedy|Drama|Romance,1997,7.7
62,Saving Private Ryan (1998),Drama|War,1998,8.6
63,The Truman Show (1998),Comedy|Drama|Sci-Fi,1998,8.2
64,There's Something About Mary (1998),Comedy|Romance,1998,7.1
65,The Big Lebowski (1998),Comedy|Crime,1998,8.1
66,American Beauty (1999),Drama,1999,8.3
67,The Matrix (1999),Action|Sci-Fi,1999,8.7
68,Fight Club (1999),Drama,1999,8.8
69,The Sixth Sense (1999),Drama|Mystery|Thriller,1999,8.2
70,Being John Malkovich (1999),Comedy|Drama|Fantasy,1999,7.8
71,Gladiator (2000),Action|Adventure|Drama,2000,8.5
72,Memento (2000),Mystery|Thriller,2000,8.4
73,Requiem for a Dream (2000),Drama,2000,8.3
74,Cast Away (2000),Adventure|Drama|Romance,2000,7.8
75,Almost Famous (2000),Adventure|Comedy|Drama|Music,2000,7.9
76,Shrek (2001),Animation|Adventure|Comedy|Family|Fantasy|Romance,2001,7.9
77,The Lord of the Rings: The Fellowship of the Ring (2001),Action|Adventure|Drama|Fantasy,2001,8.8
78,Mulholland Drive (2001),Drama|Mystery|Thriller,2001,7.9
79,A Beautiful Mind (2001),Biography|Drama,2001,8.2
80,"Monsters, Inc. (2001)",Animation|Comedy|Family|Fantasy,2001,8.1
81,The Royal Tenenbaums (2001),Comedy|Drama,2001,7.6
82,Spider-Man (2002),Action|Adventure|Sci-Fi,2002,7.4
83,The Lord of the Rings: The Two Towers (2002),Action|Adventure|Drama|Fantasy,2002,8.7
84,Chicago (2002),Comedy|Crime|Musical,2002,7.2
85,Catch Me If You Can (2002),Biography|Crime|Drama,2002,8.1
86,Finding Nemo (2003),Animation|Adventure|Comedy|Family,2003,8.2
87,The Lord of the Rings: The Return of the King (2003),Action|Adventure|Drama|Fantasy,2003,9.0
88,Lost in Translation (2003),Comedy|Drama,2003,7.7
89,Kill Bill: Vol. 1 (2003),Action|Crime|Thriller,2003,8.2
90,Mystic River (2003),Crime|Drama|Mystery|Thriller,2003,7.9
91,Eternal Sunshine of the Spotless Mind (2004),Drama|Romance|Sci-Fi,2004,8.3
92,Kill Bill: Vol. 2 (2004),Action|Crime|Thriller,2004,8.0
93,Sideways (2004),Comedy|Drama|Romance,2004,7.5
94,The Incredibles (2004),Animation|Action|Adventure|Family,2004,8.0
95,Crash (2004),Crime|Drama|Thriller,2004,7.7
96,Million Dollar Baby (2004),Drama|Sport,2004,8.1
97,Batman Begins (2005),Action|Crime|Drama,2005,8.2
98,Sin City (2005),Action|Crime|Thriller,2005,8.0
99,Walk the Line (2005),Biography|Drama|Music|Romance,2005,7.8
100,The Departed (2006),Crime|Drama|Thriller,2006,8.5
101,Little Miss Sunshine (2006),Comedy|Drama,2006,7.8
102,The Prestige (2006),Drama|Mystery|Sci-Fi|Thriller,2006,8.5
103,Pan's Labyrinth (2006),Drama|Fantasy|War,2006,8.2
104,Casino Royale (2006),Action|Adventure|Thriller,2006,8.0
105,There Will Be Blood (2007),Drama,2007,8.2
106,No Country for Old Men (2007),Crime|Drama|Thriller,2007,8.2
107,Juno (2007),Comedy|Drama,2007,7.5
108,Ratatouille (2007),Animation|Comedy|Family,2007,8.1
109,The Dark Knight (2008),Action|Crime|Drama|Thriller,2008,9.0
110,WALL-E (2008),Animation|Adventure|Family|Sci-Fi,2008,8.4
111,Slumdog Millionaire (2008),Drama|Romance,2008,8.0
112,The Curious Case of Benjamin Button (2008),Drama|Fantasy|Romance,2008,7.8
113,Gran Torino (2008),Drama,2008,8.1
114,Up (2009),Animation|Adventure|Comedy|Drama|Family,2009,8.3
115,Inglourious Basterds (2009),Adventure|Drama|War,2009,8.3
116,District 9 (2009),Action|Sci-Fi|Thriller,2009,7.9
117,Avatar (2009),Action|Adventure|Fantasy|Sci-Fi,2009,7.9
118,The Hurt Locker (2008),Drama|Thriller|War,2008,7.5
119,Inception (2010),Action|Drama|Sci-Fi|Thriller,2010,8.8
120,Toy Story 3 (2010),Animation|Adventure|Comedy|Family|Fantasy,2010,8.3
121,The Social Network (2010),Biography|Drama,2010,7.7
122,Black Swan (2010),Drama|Thriller,2010,8.0
123,The King's Speech (2010),Biography|Drama|History,2010,8.0
124,Shutter Island (2010),Mystery|Thriller,2010,8.2
125,The Artist (2011),Comedy|Drama|Romance,2011,7.9
126,Hugo (2011),Adventure|Drama|Family|Fantasy|Mystery,2011,7.5
127,Midnight in Paris (2011),Comedy|Fantasy|Romance,2011,7.7
128,Drive (2011),Action|Drama,2011,7.8
129,The Avengers (2012),Action|Adventure|Sci-Fi,2012,8.0
130,Django Unchained (2012),Drama|Western,2012,8.4
131,Life of Pi (2012),Adventure|Drama|Fantasy,2012,7.9
132,Argo (2012),Biography|Drama|Thriller,2012,7.7
133,Silver Linings Playbook (2012),Comedy|Drama|Romance,2012,7.7
134,Skyfall (2012),Action|Adventure|Thriller,2012,7.8
135,12 Years a Slave (2013),Biography|Drama|History,2013,8.1
136,Gravity (2013),Drama|Sci-Fi|Thriller,2013,7.7
137,Her (2013),Drama|Romance|Sci-Fi,2013,8.0
138,The Wolf of Wall Street (2013),Biography|Comedy|Crime|Drama,2013,8.2
139,Frozen (2013),Animation|Adventure|Comedy|Family|Fantasy|Musical,2013,7.4
140,Inside Llewyn Davis (2013),Comedy|Drama|Music,2013,7.4
141,Birdman (2014),Comedy|Drama,2014,7.7
142,Boyhood (2014),Drama,2014,7.9
143,The Grand Budapest Hotel (2014),Adventure|Comedy|Crime,2014,8.1
144,Interstellar (2014),Adventure|Drama|Sci-Fi,2014,8.6
145,Whiplash (2014),Drama|Music,2014,8.5
146,Gone Girl (2014),Drama|Mystery|Thriller,2014,8.1
147,Guardians of the Galaxy (2014),Action|Adventure|Comedy|Sci-Fi,2014,8.0
148,Mad Max: Fury Road (2015),Action|Adventure|Sci-Fi|Thriller,2015,8.1
149,The Revenant (2015),Action|Adventure|Drama|Thriller,2015,8.0
150,Spotlight (2015),Biography|Crime|Drama,2015,8.1
151,Inside Out (2015),Animation|Adventure|Comedy|Drama|Family|Fantasy,2015,8.1
152,Ex Machina (2014),Drama|Sci-Fi|Thriller,2014,7.7
153,The Martian (2015),Adventure|Drama|Sci-Fi,2015,8.0
154,Star Wars: The Force Awakens (2015),Action|Adventure|Sci-Fi,2015,7.8
155,Room (2015),Drama|Thriller,2015,8.1
156,Zootopia (2016),Animation|Adventure|Comedy|Crime|Family|Mystery,2016,8.0
157,La La Land (2016),Comedy|Drama|Music|Romance,2016,8.0
158,Moonlight (2016),Drama,2016,7.4
159,Arrival (2016),Drama|Sci-Fi,2016,7.9
160,Hell or High Water (2016),Crime|Drama|Thriller|Western,2016,7.6
161,Manchester by the Sea (2016),Drama,2016,7.8
162,Rogue One: A Star Wars Story (2016),Action|Adventure|Sci-Fi,2016,7.8
163,The Shape of Water (2017),Adventure|Drama|Fantasy|Romance,2017,7.3
164,Get Out (2017),Horror|Mystery|Thriller,2017,7.7
165,Lady Bird (2017),Comedy|Drama,2017,7.4
166,"Three Billboards Outside Ebbing, Missouri (2017)",Comedy|Crime|Drama,2017,8.1
167,Dunkirk (2017),Action|Drama|History|Thriller|War,2017,7.8
168,Blade Runner 2049 (2017),Action|Drama|Mystery|Sci-Fi|Thriller,2017,8.0
169,Coco (2017),Animation|Adventure|Comedy|Family|Fantasy|Music,2017,8.4
170,The Post (2017),Biography|Drama|History|Thriller,2017,7.2
171,Black Panther (2018),Action|Adventure|Sci-Fi,2018,7.3
172,A Star Is Born (2018),Drama|Music|Romance,2018,7.6
173,Roma (2018),Drama,2018,7.7
174,Green Book (2018),Biography|Comedy|Drama|Music,2018,8.2
175,Bohemian Rhapsody (2018),Biography|Drama|Music,2018,7.9
176,Vice (2018),Biography|Comedy|Drama|History,2018,7.2
177,Spider-Man: Into the Spider-Verse (2018),Animation|Action|Adventure|Family|Sci-Fi,2018,8.4
178,Avengers: Infinity War (2018),Action|Adventure|Sci-Fi,2018,8.4
179,Mission: Impossible - Fallout (2018),Action|Adventure|Thriller,2018,7.7
180,Eighth Grade (2018),Comedy|Drama,2018,7.4
181,Parasite (2019),Comedy|Drama|Thriller,2019,8.5
182,1917 (2019),Drama|War,2019,8.2
183,Once Upon a Time in Hollywood (2019),Comedy|Drama,2019,7.6
184,Joker (2019),Crime|Drama|Thriller,2019,8.4
185,Avengers: Endgame (2019),Action|Adventure|Drama|Sci-Fi,2019,8.4
186,Toy Story 4 (2019),Animation|Adventure|Comedy|Family|Fantasy,2019,7.7
187,Ford v Ferrari (2019),Action|Biography|Drama|Sport,2019,8.1
188,Little Women (2019),Drama|Romance,2019,7.8
189,Jojo Rabbit (2019),Comedy|Drama|War,2019,7.9
190,Knives Out (2019),Comedy|Crime|Drama|Mystery|Thriller,2019,7.9
191,Nomadland (2020),Drama,2020,7.3
192,Soul (2020),Animation|Adventure|Comedy|Drama|Family|Fantasy|Music,2020,8.0
193,Minari (2020),Drama,2020,7.4
194,Sound of Metal (2019),Drama|Music,2019,7.7
195,The Trial of the Chicago 7 (2020),Drama|History|Thriller,2020,7.7
196,Mank (2020),Biography|Drama,2020,6.8
197,Tenet (2020),Action|Sci-Fi|Thriller,2020,7.3
198,Wonder Woman 1984 (2020),Action|Adventure|Fantasy,2020,5.4
199,Mulan (2020),Action|Adventure|Drama|Family|Fantasy,2020,5.7
200,CODA (2021),Comedy|Drama|Music,2021,8.0
201,Dune (2021),Action|Adventure|Drama|Sci-Fi,2021,8.0
202,The Power of the Dog (2021),Drama|Western,2021,6.8
203,West Side Story (2021),Crime|Drama|Musical|Romance,2021,7.1
204,King Richard (2021),Biography|Drama|Sport,2021,7.5
205,Belfast (2021),Biography|Drama,2021,7.2
206,Don't Look Up (2021),Comedy|Drama|Sci-Fi,2021,7.2
207,Spider-Man: No Way Home (2021),Action|Adventure|Fantasy|Sci-Fi,2021,8.2
208,The Matrix Resurrections (2021),Action|Sci-Fi,2021,5.7
209,No Time to Die (2021),Action|Adventure|Thriller,2021,7.3
210,Encanto (2021),Animation|Comedy|Family|Fantasy|Musical,2021,7.2
211,Everything Everywhere All at Once (2022),Action|Adventure|Comedy|Fantasy|Sci-Fi,2022,7.8
212,The Banshees of Inisherin (2022),Comedy|Drama,2022,7.7
213,TÃ¡r (2022),Drama|Music,2022,7.4
214,The Fabelmans (2022),Drama,2022,7.5
215,Women Talking (2022),Drama,2022,6.9
216,Avatar: The Way of Water (2022),Action|Adventure|Drama|Fantasy|Sci-Fi,2022,7.6
217,Top Gun: Maverick (2022),Action|Drama,2022,8.3
218,Elvis (2022),Biography|Drama|Music,2022,7.3
219,The Batman (2022),Action|Crime|Drama|Mystery|Thriller,2022,7.8
220,Turning Red (2022),Animation|Adventure|Comedy|Drama|Family|Fantasy,2022,7.0
221,Nope (2022),Horror|Mystery|Sci-Fi|Thriller,2022,6.8
222,Glass Onion: A Knives Out Mystery (2022),Comedy|Crime|Drama|Mystery|Thriller,2022,7.1
223,Black Adam (2022),Action|Fantasy|Sci-Fi,2022,6.2
224,Wakanda Forever (2022),Action|Adventure|Drama|Sci-Fi,2022,6.7
225,Babylon (2022),Comedy|Drama|History,2022,7.1
226,The Exorcist (1973),Horror,1973,8.1
227,Halloween (1978),Horror|Thriller,1978,7.7
228,A Nightmare on Elm Street (1984),Horror,1984,7.4
229,Friday the 13th (1980),Horror|Mystery|Thriller,1980,6.4
230,The Thing (1982),Horror|Mystery|Sci-Fi,1982,8.2
231,Alien (1979),Horror|Sci-Fi,1979,8.5
232,Poltergeist (1982),Horror|Thriller,1982,7.3
233,The Texas Chain Saw Massacre (1974),Horror,1974,7.4
234,Rosemary's Baby (1968),Drama|Horror,1968,8.0
235,The Omen (1976),Horror|Mystery,1976,7.5
236,2001: A Space Odyssey (1968),Adventure|Sci-Fi,1968,8.3
237,Close Encounters of the Third Kind (1977),Drama|Sci-Fi,1977,7.6
238,E.T. the Extra-Terrestrial (1982),Family|Sci-Fi,1982,7.9
239,The Day the Earth Stood Still (1951),Drama|Sci-Fi|Thriller,1951,7.7
240,Forbidden Planet (1956),Adventure|Sci-Fi,1956,7.6
241,Metropolis (1927),Drama|Sci-Fi,1927,8.3
242,Planet of the Apes (1968),Adventure|Sci-Fi,1968,8.0
243,The War of the Worlds (1953),Action|Sci-Fi|Thriller,1953,7.0
244,Invasion of the Body Snatchers (1978),Horror|Sci-Fi,1978,7.4
245,They Live (1988),Action|Horror|Sci-Fi|Thriller,1988,7.3
246,The Gold Rush (1925),Adventure|Comedy|Drama,1925,8.2
247,City Lights (1931),Comedy|Drama|Romance,1931,8.5
248,Modern Times (1936),Comedy|Drama|Family|Romance,1936,8.5
249,The Great Dictator (1940),Comedy|Drama|War,1940,8.4
250,Duck Soup (1933),Comedy|Musical,1933,7.7
